{
  "backend": "OpenGoddard",
  "constraints": {
    "fixed_tof": 3.0
  },
  "initial_guess": {
    "ux": {
      "kind": "constant",
      "value": 0.0
    },
    "uy": {
      "kind": "constant",
      "value": 0.0
    },
    "uz": {
      "kind": "constant",
      "value": 0.0
    },
    "vx": {
      "kind": "constant",
      "value": 1.0
    },
    "vy": {
      "kind": "constant",
      "value": 1.0
    },
    "vz": {
      "kind": "constant",
      "value": 0.0
    },
    "x": {
      "end": 1.0,
      "kind": "linear",
      "start": -1.0
    },
    "y": {
      "end": 1.0,
      "kind": "linear",
      "start": -1.0
    },
    "z": {
      "kind": "constant",
      "value": 0.0
    }
  },
  "problem": "fixed_tof_3d",
  "resolved_run_state": {
    "final_trainable_parameters": null,
    "initial_guess": null,
    "terminal_state": {
      "F_final": [
        1.429259362563211e-05,
        9.840277866923507e-05,
        6.123638818714011e-10
      ],
      "G_final": [
        -0.8040748703748358,
        -1.2195500613120698,
        0.0
      ],
      "a_final": [
        -0.8040605777812102,
        -1.2194516585334005,
        6.123638818714011e-10
      ],
      "coordinate_system": "cartesian",
      "delta_v": 0.6808012302136038,
      "r0_actual": [
        -1.0,
        -1.0,
        0.0
      ],
      "r0_target": [
        -1.0,
        -1.0,
        0.0
      ],
      "rN_target": [
        1.0,
        1.0,
        0.0
      ],
      "r_final": [
        1.0,
        1.0,
        0.0
      ],
      "t_total_final": 3.000000014901161,
      "v0_actual": [
        0.29344276438609396,
        0.867942163113926,
        -2.583230109466944e-09
      ],
      "v_final": [
        0.5666007824374306,
        0.40646999307821335,
        -5.790083782279432e-09
      ]
    }
  },
  "solver": {
    "ftol": 1e-12,
    "max_iteration": 5,
    "n": [
      100
    ],
    "num_controls": [
      3
    ],
    "num_states": [
      6
    ],
    "slsqp_maxiter": 25,
    "time_init": [
      0.0,
      3.0
    ]
  },
  "spaceship": {
    "gravity_sources": [
      [
        -0.5,
        -1.0,
        0.0,
        0.5
      ],
      [
        -0.2,
        0.4,
        0.0,
        1.0
      ],
      [
        0.8,
        0.3,
        0.0,
        0.5
      ]
    ],
    "mass": 1.0,
    "r0": [
      -1.0,
      -1.0,
      0.0
    ],
    "rN": [
      1.0,
      1.0,
      0.0
    ]
  }
}