{
  "backend": "OpenGoddard",
  "constraints": {
    "fixed_tof": 1.0
  },
  "initial_guess": {
    "ux": {
      "kind": "constant",
      "value": 0.0
    },
    "uy": {
      "kind": "constant",
      "value": 0.0
    },
    "uz": {
      "kind": "constant",
      "value": 0.0
    },
    "vx": {
      "kind": "constant",
      "value": 1.0
    },
    "vy": {
      "kind": "constant",
      "value": 1.0
    },
    "vz": {
      "kind": "constant",
      "value": 0.0
    },
    "x": {
      "end": 1.0,
      "kind": "linear",
      "start": -1.0
    },
    "y": {
      "end": 1.0,
      "kind": "linear",
      "start": -1.0
    },
    "z": {
      "kind": "constant",
      "value": 0.0
    }
  },
  "problem": "fixed_tof_3d",
  "resolved_run_state": {
    "final_trainable_parameters": null,
    "initial_guess": null,
    "terminal_state": {
      "F_final": [
        -3.0066690574657788e-05,
        -2.4641824149818557e-05,
        -4.013897127260531e-09
      ],
      "G_final": [
        -0.8040748703748358,
        -1.2195500613120698,
        0.0
      ],
      "a_final": [
        -0.8041049370654105,
        -1.2195747031362196,
        -4.013897127260531e-09
      ],
      "coordinate_system": "cartesian",
      "delta_v": 1.5870738448390665e-07,
      "r0_actual": [
        -1.0,
        -1.0,
        0.0
      ],
      "r0_target": [
        -1.0,
        -1.0,
        0.0
      ],
      "rN_target": [
        1.0,
        1.0,
        0.0
      ],
      "r_final": [
        1.0,
        1.0,
        0.0
      ],
      "t_total_final": 1.0000000149011612,
      "v0_actual": [
        1.5877907865553873,
        2.025447041913586,
        2.0518977069717997e-08
      ],
      "v_final": [
        1.8318604091182504,
        1.6856439738314277,
        -2.4344435344088112e-08
      ]
    }
  },
  "solver": {
    "ftol": 1e-12,
    "max_iteration": 5,
    "n": [
      100
    ],
    "num_controls": [
      3
    ],
    "num_states": [
      6
    ],
    "slsqp_maxiter": 25,
    "time_init": [
      0.0,
      1.0
    ]
  },
  "spaceship": {
    "gravity_sources": [
      [
        -0.5,
        -1.0,
        0.0,
        0.5
      ],
      [
        -0.2,
        0.4,
        0.0,
        1.0
      ],
      [
        0.8,
        0.3,
        0.0,
        0.5
      ]
    ],
    "mass": 1.0,
    "r0": [
      -1.0,
      -1.0,
      0.0
    ],
    "rN": [
      1.0,
      1.0,
      0.0
    ]
  }
}