{
  "baseline_comparison": {
    "baselines": [
      {
        "comparisons": [
          {
            "delta_v_mean": 0.0013479361234931275,
            "delta_v_variance_sample": 1.0636199857132788e-07,
            "label": "PINN with exact BC",
            "n": 100,
            "relative_mean_improvement_vs_baseline": -12549.455835854173,
            "runtime_seconds_mean": 26.256959669999993
          },
          {
            "delta_v_mean": 0.0034326185181271286,
            "delta_v_variance_sample": 1.1103922632852851e-06,
            "label": "PINN without exact BC",
            "n": 100,
            "relative_mean_improvement_vs_baseline": -31959.659234687668,
            "runtime_seconds_mean": 24.037910390000008
          },
          {
            "delta_v_mean": 0.0018791033015135795,
            "delta_v_variance_sample": 1.2371333328168132e-07,
            "label": "PINN with exact BC and pre-conditioning",
            "n": 93,
            "relative_mean_improvement_vs_baseline": -1749508.352029167,
            "runtime_seconds_mean": 25.954454397849467
          }
        ],
        "delta_v": 1.0740136781664459e-07,
        "label": "Baseline (OpenGoddard)",
        "runtime_seconds": 113.574769,
        "solver": {
          "backend": "OpenGoddard",
          "converged": true,
          "ftol": 1e-11,
          "message": "Optimization terminated successfully",
          "objective_value": 1.839496057317991e-13,
          "outer_iteration_budget": 100,
          "outer_iterations_completed": 5,
          "slsqp_maxiter": 25,
          "status_code": 0,
          "stopped_reason": "converged"
        }
      }
    ]
  },
  "label": "three_bodies_3d_monte_carlo",
  "monte_carlo_summary": {
    "groups": [
      {
        "delta_v": {
          "max": 0.0023810926359146833,
          "mean": 0.0013479361234931275,
          "min": 0.0006177513278089464,
          "std_population": 0.00032449711645192566,
          "std_sample": 0.00032613187297675746,
          "variance_population": 1.052983785856146e-07,
          "variance_sample": 1.0636199857132788e-07
        },
        "label": "PINN with exact BC",
        "n": 100,
        "runtime_seconds": {
          "max": 34.597257,
          "mean": 26.256959669999993,
          "min": 17.000446999999895,
          "std_population": 2.8548141470509356,
          "std_sample": 2.8691961733231635,
          "variance_population": 8.149963814202161,
          "variance_sample": 8.232286681012285
        },
        "t_total": {
          "max": 2.6211020946502686,
          "mean": 1.7618363201618195,
          "min": 1.193673849105835,
          "std_population": 0.3330914733485157,
          "std_sample": 0.3347695266556643,
          "variance_population": 0.11094992961748495,
          "variance_sample": 0.11207063597725753
        }
      },
      {
        "delta_v": {
          "max": 0.007167148403823376,
          "mean": 0.0034326185181271286,
          "min": 0.001470387214794755,
          "std_population": 0.0010484695229964639,
          "std_sample": 0.0010537515187582342,
          "variance_population": 1.0992883406524323e-06,
          "variance_sample": 1.1103922632852851e-06
        },
        "label": "PINN without exact BC",
        "n": 100,
        "runtime_seconds": {
          "max": 58.33946599999996,
          "mean": 24.037910390000008,
          "min": 12.300404000000071,
          "std_population": 7.077103151410884,
          "std_sample": 7.112756289658079,
          "variance_population": 50.085389015709865,
          "variance_sample": 50.591302036070566
        },
        "t_total": {
          "max": 3.3970863819122314,
          "mean": 2.534674493074417,
          "min": 1.698728084564209,
          "std_population": 0.4209722236189475,
          "std_sample": 0.42309300391079946,
          "variance_population": 0.17721761305868114,
          "variance_sample": 0.17900768995826377
        }
      },
      {
        "label": "PINN with exact BC and pre-conditioning",
        "n": 93,
        "delta_v": {
          "min": 0.0010349260410293937,
          "max": 0.0030850558541715145,
          "mean": 0.0018791033015135795,
          "variance_sample": 1.2371333328168132e-07
        },
        "runtime_seconds": {
          "min": 14.595978999999943,
          "max": 35.17664199999999,
          "mean": 25.954454397849467,
          "variance_sample": 13.354272083694791
        },
        "t_total": {
          "min": 1.5069528818130493,
          "max": 1.6690313816070557,
          "mean": 1.572941986463403,
          "variance_sample": 0.0010897911949085425
        },
        "excluded_seed_ids": [
          2002,
          2040,
          2041,
          2043,
          2066,
          2072,
          2094
        ]
      }
    ]
  },
  "num_entries": 301,
  "run_dir": "/Users/sami/proj/Swingby-Trajectory/runs/2026/04/20260415_083231_three_bodies_3d_monte_carlo",
  "run_id": "20260415_083231_three_bodies_3d_monte_carlo",
  "title": "three_bodies_3d_monte_carlo",
  "excluded_pretrained_outlier_seed_ids": [
    2002,
    2040,
    2041,
    2043,
    2066,
    2072,
    2094
  ]
}